pred,prey,interaction_sources,evidence_sources,pred_trait,prey_trait,absdiff,trait_source_pred,trait_source_prey
Esox lucius,Baetis vernus,GloBI,ThermoFresh,25.5,21.3,4.199999999999999,ThermoFresh,ThermoFresh
Esox lucius,Baetis rhodani,GloBI,ThermoFresh,25.5,21.15,4.350000000000001,ThermoFresh,ThermoFresh
Esox lucius,Rhithrogena semicolorata,GloBI,ThermoFresh,25.5,23.549999999999997,1.9500000000000028,ThermoFresh,ThermoFresh
Esox lucius,Coregonus clupeaformis,GloBI,ThermoFresh,25.5,24.474,1.0259999999999998,ThermoFresh,ThermoFresh
Esox lucius,Gammarus pulex,GloBI,ThermoFresh,25.5,25.5,0.0,ThermoFresh,ThermoFresh
Esox lucius,Lepomis macrochirus,GloBI,ThermoFresh,25.5,33.0,7.5,ThermoFresh,ThermoFresh
Esox lucius,Micropterus salmoides,GloBI,ThermoFresh,25.5,35.6,10.100000000000001,ThermoFresh,ThermoFresh
Esox lucius,Dorosoma cepedianum,GloBI,ThermoFresh,25.5,28.5,3.0,ThermoFresh,ThermoFresh
Esox lucius,Platichthys flesus,GloBI,ThermoFresh,25.5,29.0,3.5,ThermoFresh,ThermoFresh
Esox lucius,Catostomus commersonii,GloBI,ThermoFresh,25.5,24.4304347826087,1.0695652173913004,ThermoFresh,ThermoFresh
Esox lucius,Rutilus rutilus,GloBI,ThermoFresh,25.5,30.168,4.667999999999999,ThermoFresh,ThermoFresh
Esox lucius,Esox lucius,GloBI,ThermoFresh,25.5,25.5,0.0,ThermoFresh,ThermoFresh
Oncorhynchus clarkii,Oncorhynchus nerka,GloBI,ThermoFresh,23.503999999999998,13.77,9.733999999999998,ThermoFresh,ThermoFresh
Oncorhynchus clarkii,Oncorhynchus tshawytscha,GloBI,ThermoFresh,23.503999999999998,15.133333333333335,8.370666666666663,ThermoFresh,ThermoFresh
Oncorhynchus clarkii,Oncorhynchus kisutch,GloBI,ThermoFresh,23.503999999999998,13.719999999999999,9.783999999999999,ThermoFresh,ThermoFresh
Oncorhynchus clarkii,Oncorhynchus gorbuscha,GloBI,ThermoFresh,23.503999999999998,22.939999999999998,0.5640000000000001,ThermoFresh,ThermoFresh
Oncorhynchus clarkii,Oncorhynchus keta,GloBI,ThermoFresh,23.503999999999998,14.888888888888893,8.615111111111105,ThermoFresh,ThermoFresh
Oncorhynchus clarkii,Oncorhynchus clarkii,GloBI,ThermoFresh,23.503999999999998,23.503999999999998,0.0,ThermoFresh,ThermoFresh
Pleuronectes platessa,Pleuronectes platessa,GloBI,ThermoFresh,27.0,27.0,0.0,ThermoFresh,ThermoFresh
Pleuronectes platessa,Littorina saxatilis,GloBI,ThermoFresh,27.0,35.0,8.0,ThermoFresh,ThermoFresh
Menidia menidia,Gammarus fasciatus,GloBI,ThermoFresh,15.8125,31.1,15.287500000000001,ThermoFresh,ThermoFresh
Menidia menidia,Hyalella azteca,GloBI,ThermoFresh,15.8125,33.1,17.2875,ThermoFresh,ThermoFresh
Anguilla australis,Gobiomorphus cotidianus,GloBI,ThermoFresh,37.7,30.9,6.800000000000004,ThermoFresh,ThermoFresh
Anguilla australis,Potamopyrgus antipodarum,GloBI,ThermoFresh,37.7,32.4,5.300000000000004,ThermoFresh,ThermoFresh
Anguilla australis,Retropinna retropinna,GloBI,ThermoFresh,37.7,28.3,9.400000000000002,ThermoFresh,ThermoFresh
Anguilla australis,Galaxias maculatus,GloBI,ThermoFresh,37.7,30.8,6.900000000000002,ThermoFresh,ThermoFresh
Sphoeroides maculatus,Gammarus fasciatus,GloBI,ThermoFresh,22.157142857142855,31.1,8.942857142857147,ThermoFresh,ThermoFresh
Sphoeroides maculatus,Hyalella azteca,GloBI,ThermoFresh,22.157142857142855,33.1,10.942857142857147,ThermoFresh,ThermoFresh
Dorosoma cepedianum,Gammarus fasciatus,GloBI,ThermoFresh,28.5,31.1,2.6000000000000014,ThermoFresh,ThermoFresh
Dorosoma cepedianum,Hyalella azteca,GloBI,ThermoFresh,28.5,33.1,4.600000000000001,ThermoFresh,ThermoFresh
Dorosoma cepedianum,Dorosoma cepedianum,GloBI,ThermoFresh,28.5,28.5,0.0,ThermoFresh,ThermoFresh
Morone chrysops,Lepomis macrochirus,GloBI,ThermoFresh,35.6,33.0,2.6000000000000014,ThermoFresh,ThermoFresh
Morone chrysops,Dorosoma cepedianum,GloBI,ThermoFresh,35.6,28.5,7.100000000000001,ThermoFresh,ThermoFresh
Morone chrysops,Morone chrysops,GloBI,ThermoFresh,35.6,35.6,0.0,ThermoFresh,ThermoFresh
Micropterus salmoides,Oncorhynchus tshawytscha,GloBI,ThermoFresh,35.6,15.133333333333335,20.46666666666667,ThermoFresh,ThermoFresh
Micropterus salmoides,Poecilia reticulata,GloBI,ThermoFresh,35.6,24.695,10.905000000000001,ThermoFresh,ThermoFresh
Micropterus salmoides,Lepomis macrochirus,GloBI,ThermoFresh,35.6,33.0,2.6000000000000014,ThermoFresh,ThermoFresh
Micropterus salmoides,Rutilus rutilus,GloBI,ThermoFresh,35.6,30.168,5.432000000000002,ThermoFresh,ThermoFresh
Micropterus salmoides,Atyaephyra desmarestii,GloBI,ThermoFresh,35.6,24.0,11.600000000000001,ThermoFresh,ThermoFresh
Micropterus salmoides,Hyalella azteca,GloBI,ThermoFresh,35.6,33.1,2.5,ThermoFresh,ThermoFresh
Micropterus salmoides,Chironomus thummi,GloBI,ThermoFresh,35.6,34.5,1.1000000000000014,ThermoFresh,ThermoFresh
Micropterus salmoides,Dorosoma cepedianum,GloBI,ThermoFresh,35.6,28.5,7.100000000000001,ThermoFresh,ThermoFresh
Micropterus salmoides,Micropterus salmoides,GloBI,ThermoFresh,35.6,35.6,0.0,ThermoFresh,ThermoFresh
Micropterus salmoides,Chironomus longistylus,GloBI,ThermoFresh,35.6,35.5,0.10000000000000142,ThermoFresh,ThermoFresh
Micropterus salmoides,Paratendipes albimanus,GloBI,ThermoFresh,35.6,35.0,0.6000000000000014,ThermoFresh,ThermoFresh
Micropterus salmoides,Ctenopharyngodon idella,GloBI,ThermoFresh,35.6,36.95,1.3500000000000014,ThermoFresh,ThermoFresh
Morone saxatilis,Alosa pseudoharengus,GloBI,ThermoFresh,20.550000000000004,31.0,10.449999999999996,ThermoFresh,ThermoFresh
Morone saxatilis,Corbicula fluminea,GloBI,ThermoFresh,20.550000000000004,29.28333333333333,8.733333333333327,ThermoFresh,ThermoFresh
Morone saxatilis,Oncorhynchus tshawytscha,GloBI,ThermoFresh,20.550000000000004,15.133333333333335,5.41666666666667,ThermoFresh,ThermoFresh
Morone saxatilis,Sphoeroides maculatus,GloBI,ThermoFresh,20.550000000000004,22.157142857142855,1.6071428571428505,ThermoFresh,ThermoFresh
Morone saxatilis,Menidia menidia,GloBI,ThermoFresh,20.550000000000004,15.8125,4.737500000000004,ThermoFresh,ThermoFresh
Morone saxatilis,Lepomis macrochirus,GloBI,ThermoFresh,20.550000000000004,33.0,12.449999999999996,ThermoFresh,ThermoFresh
Morone saxatilis,Dorosoma cepedianum,GloBI,ThermoFresh,20.550000000000004,28.5,7.949999999999996,ThermoFresh,ThermoFresh
Morone saxatilis,Morone saxatilis,GloBI,ThermoFresh,20.550000000000004,20.550000000000004,0.0,ThermoFresh,ThermoFresh
Morone saxatilis,Gammarus fasciatus,GloBI,ThermoFresh,20.550000000000004,31.1,10.549999999999997,ThermoFresh,ThermoFresh
Morone saxatilis,Hyalella azteca,GloBI,ThermoFresh,20.550000000000004,33.1,12.549999999999997,ThermoFresh,ThermoFresh
Atherinops affinis,Atherinops affinis,GloBI,ThermoFresh,21.05,21.05,0.0,ThermoFresh,ThermoFresh
Salvelinus alpinus,Gammarus lacustris,GloBI,ThermoFresh,19.9,25.5,5.600000000000001,ThermoFresh,ThermoFresh
Salvelinus alpinus,Salvelinus alpinus,GloBI,ThermoFresh,19.9,19.9,0.0,ThermoFresh,ThermoFresh
Salvelinus alpinus,Chironomus thummi,GloBI,ThermoFresh,19.9,34.5,14.600000000000001,ThermoFresh,ThermoFresh
Salvelinus alpinus,Oncorhynchus nerka,GloBI,ThermoFresh,19.9,13.77,6.129999999999999,ThermoFresh,ThermoFresh
Salvelinus alpinus,Oncorhynchus kisutch,GloBI,ThermoFresh,19.9,13.719999999999999,6.18,ThermoFresh,ThermoFresh
Oncorhynchus kisutch,Oncorhynchus gorbuscha,GloBI,ThermoFresh,13.719999999999999,22.939999999999998,9.219999999999999,ThermoFresh,ThermoFresh
Oncorhynchus kisutch,Oncorhynchus keta,GloBI,ThermoFresh,13.719999999999999,14.888888888888893,1.168888888888894,ThermoFresh,ThermoFresh
Oncorhynchus kisutch,Oncorhynchus nerka,GloBI,ThermoFresh,13.719999999999999,13.77,0.05000000000000071,ThermoFresh,ThermoFresh
Oncorhynchus kisutch,Alosa pseudoharengus,GloBI,ThermoFresh,13.719999999999999,31.0,17.28,ThermoFresh,ThermoFresh
Oncorhynchus kisutch,Oncorhynchus clarkii,GloBI,ThermoFresh,13.719999999999999,23.503999999999998,9.783999999999999,ThermoFresh,ThermoFresh
Oncorhynchus kisutch,Oncorhynchus tshawytscha,GloBI,ThermoFresh,13.719999999999999,15.133333333333335,1.4133333333333358,ThermoFresh,ThermoFresh
Oncorhynchus kisutch,Dorosoma cepedianum,GloBI,ThermoFresh,13.719999999999999,28.5,14.780000000000001,ThermoFresh,ThermoFresh
Rutilus rutilus,Chironomus thummi,GloBI,ThermoFresh,30.168,34.5,4.332000000000001,ThermoFresh,ThermoFresh
Rutilus rutilus,Asellus aquaticus,GloBI,ThermoFresh,30.168,30.4,0.23199999999999932,ThermoFresh,ThermoFresh
Rutilus rutilus,Dreissena polymorpha,GloBI,ThermoFresh,30.168,33.0,2.8320000000000007,ThermoFresh,ThermoFresh
Rutilus rutilus,Dikerogammarus villosus,GloBI,ThermoFresh,30.168,23.4,6.768000000000001,ThermoFresh,ThermoFresh
Rutilus rutilus,Ecdyonurus venosus,GloBI,ThermoFresh,30.168,26.6,3.567999999999998,ThermoFresh,ThermoFresh
Rutilus rutilus,Baetis vernus,GloBI,ThermoFresh,30.168,21.3,8.867999999999999,ThermoFresh,ThermoFresh
Rutilus rutilus,Baetis rhodani,GloBI,ThermoFresh,30.168,21.15,9.018,ThermoFresh,ThermoFresh
Prosopium williamsoni,Prosopium williamsoni,GloBI,ThermoFresh,23.1,23.1,0.0,ThermoFresh,ThermoFresh
Prosopium williamsoni,Oncorhynchus kisutch,GloBI,ThermoFresh,23.1,13.719999999999999,9.380000000000003,ThermoFresh,ThermoFresh
Oncorhynchus tshawytscha,Potamopyrgus antipodarum,GloBI,ThermoFresh,15.133333333333335,32.4,17.266666666666666,ThermoFresh,ThermoFresh
Oncorhynchus tshawytscha,Oncorhynchus kisutch,GloBI,ThermoFresh,15.133333333333335,13.719999999999999,1.4133333333333358,ThermoFresh,ThermoFresh
Oncorhynchus tshawytscha,Oncorhynchus keta,GloBI,ThermoFresh,15.133333333333335,14.888888888888893,0.2444444444444418,ThermoFresh,ThermoFresh
Oncorhynchus tshawytscha,Alosa pseudoharengus,GloBI,ThermoFresh,15.133333333333335,31.0,15.866666666666665,ThermoFresh,ThermoFresh
Oncorhynchus tshawytscha,Oncorhynchus tshawytscha,GloBI,ThermoFresh,15.133333333333335,15.133333333333335,0.0,ThermoFresh,ThermoFresh
Coregonus artedi,Coregonus artedi,GloBI,ThermoFresh,19.8,19.8,0.0,ThermoFresh,ThermoFresh
Lates calcarifer,Lates calcarifer,GloBI,ThermoFresh,39.5,39.5,0.0,ThermoFresh,ThermoFresh
Cheimarrichthys fosteri,Zelandobius furcillatus,GloBI,ThermoFresh,30.0,25.75,4.25,ThermoFresh,ThermoFresh
Coregonus clupeaformis,Dreissena polymorpha,GloBI,ThermoFresh,24.474,33.0,8.526,ThermoFresh,ThermoFresh
Coregonus clupeaformis,Oncorhynchus nerka,GloBI,ThermoFresh,24.474,13.77,10.704,ThermoFresh,ThermoFresh
Coregonus clupeaformis,Catostomus commersonii,GloBI,ThermoFresh,24.474,24.4304347826087,0.04356521739130059,ThermoFresh,ThermoFresh
Platichthys flesus,Rutilus rutilus,GloBI,ThermoFresh,29.0,30.168,1.1679999999999993,ThermoFresh,ThermoFresh
Platichthys flesus,Gammarus pulex,GloBI,ThermoFresh,29.0,25.5,3.5,ThermoFresh,ThermoFresh
Platichthys flesus,Platichthys flesus,GloBI,ThermoFresh,29.0,29.0,0.0,ThermoFresh,ThermoFresh
Platichthys flesus,Littorina saxatilis,GloBI,ThermoFresh,29.0,35.0,6.0,ThermoFresh,ThermoFresh
Platichthys flesus,Pleuronectes platessa,GloBI,ThermoFresh,29.0,27.0,2.0,ThermoFresh,ThermoFresh
Platichthys flesus,Potamopyrgus antipodarum,GloBI,ThermoFresh,29.0,32.4,3.3999999999999986,ThermoFresh,ThermoFresh
Oreochromis niloticus,Oreochromis niloticus,GloBI,ThermoFresh,39.7,39.7,0.0,ThermoFresh,ThermoFresh
Lepomis macrochirus,Faxonius rusticus,GloBI,ThermoFresh,33.0,35.199999999999996,2.1999999999999957,ThermoFresh,ThermoFresh
Lepomis macrochirus,Corbicula fluminea,GloBI,ThermoFresh,33.0,29.28333333333333,3.7166666666666686,ThermoFresh,ThermoFresh
Lepomis macrochirus,Hyalella azteca,GloBI,ThermoFresh,33.0,33.1,0.10000000000000142,ThermoFresh,ThermoFresh
Lepomis macrochirus,Gammarus fasciatus,GloBI,ThermoFresh,33.0,31.1,1.8999999999999986,ThermoFresh,ThermoFresh
Oreochromis mossambicus,Oreochromis mossambicus,GloBI,ThermoFresh,38.25,38.25,0.0,ThermoFresh,ThermoFresh
Aplodinotus grunniens,Corbicula fluminea,GloBI,ThermoFresh,32.8,29.28333333333333,3.5166666666666657,ThermoFresh,ThermoFresh
Aplodinotus grunniens,Dreissena polymorpha,GloBI,ThermoFresh,32.8,33.0,0.20000000000000284,ThermoFresh,ThermoFresh
Anguilla dieffenbachii,Zelandobius furcillatus,GloBI,ThermoFresh,36.05,25.75,10.299999999999997,ThermoFresh,ThermoFresh
Anguilla dieffenbachii,Potamopyrgus antipodarum,GloBI,ThermoFresh,36.05,32.4,3.6499999999999986,ThermoFresh,ThermoFresh
Gobiomorphus cotidianus,Zelandobius furcillatus,GloBI,ThermoFresh,30.9,25.75,5.149999999999999,ThermoFresh,ThermoFresh
Gobiomorphus cotidianus,Potamopyrgus antipodarum,GloBI,ThermoFresh,30.9,32.4,1.5,ThermoFresh,ThermoFresh
Oncorhynchus clarkii,Salvelinus alpinus,GloBI,Olden,23.503999999999998,19.9,3.603999999999999,ThermoFresh,ThermoFresh
Esox lucius,Coregonus artedi,GloBI,Olden,25.5,19.8,5.699999999999999,ThermoFresh,ThermoFresh
Esox lucius,Salvelinus alpinus,GloBI,Olden,25.5,19.9,5.600000000000001,ThermoFresh,ThermoFresh
